0.0,-9.90100000000001
0.08190653548744263,-9.206000000000003
0.18932320215410942,-7.917000000000002
0.4231398444664622,-9.90100000000001
0.5306398444664615,-9.90100000000001
0.9164844447339211,-6.6270000000000095
1.0239844447339217,-5.337000000000003
1.5618570029564895,-9.90100000000001
1.6692736696231576,-9.90100000000001
2.3590563346706372,-4.047999999999988
2.4665563346706367,-2.7579999999999956
3.3083669576732233,-9.90100000000001
3.4158669576732237,-9.90100000000001
4.409705538630918,-1.4679999999999893
4.517122205297584,-0.17900000000000205
5.082984410010201,-4.980000000000004
5.190401076676867,-3.6910000000000025
5.756322203886502,1.1110000000000042
5.863822203886503,2.4010000000000105
6.429743331096139,-2.4010000000000105
6.53724333109614,-1.1110000000000042
7.103164458305775,3.6910000000000025
7.210581124972442,4.980000000000004
7.776443329685058,0.17900000000000205
7.883859996351724,1.4679999999999893
8.449781123561358,6.269999999999996
8.557281123561358,7.560000000000002
9.123202250770994,2.7579999999999956
9.230702250770994,4.047999999999988
9.796564455483612,8.84899999999999
9.88423112215028,9.90100000000001
9.904064455483615,9.90100000000001
10.441937013706184,5.337000000000003
10.549437013706184,6.6270000000000095
10.935281613973643,9.90100000000001
11.042781613973643,9.90100000000001
11.276598256285997,7.917000000000002
11.384014922952664,9.206000000000003
11.400396230050152,9.90100000000001
12.582646230050154,-4.286000000000001
12.650396230050152,-5.0989999999999895
12.718229563383485,-5.0989999999999895
13.284091768096102,-9.90100000000001
13.391591768096102,-9.90100000000001
13.957512895305737,-5.0989999999999895
14.065012895305737,-5.0989999999999895
14.630934022515373,-9.90100000000001
14.738434022515372,-8.611000000000004
15.1523271917699,-5.0989999999999895
15.259827191769899,-5.0989999999999895
15.521692403069318,-7.320999999999998
15.629109069735984,-6.032000000000011
15.651100090630885,-5.0989999999999895
17.346502582994013,-9.90100000000001
17.582145925191966,-7.9010000000000105
17.849972270775982,-5.084999999999994
18.417543313808384,-9.90100000000001
18.523126647141716,-9.90100000000001
19.422566472811006,-2.2689999999999912
19.690392818395022,0.5470000000000113
20.91003416481162,-9.802000000000007
21.015700831478288,-8.533999999999992
22.87792546623044,7.26700000000001
24.66705227063035,-7.26700000000001
24.772635603963685,-6.0
25.380334959685285,-0.8439999999999941
25.410874778865423,-0.7529999999999859
25.479374778865424,0.06900000000000261
26.045295906075058,-4.73299999999999
26.15087923940839,-3.466000000000008
26.716800366618024,1.3359999999999985
26.822383699951356,2.6029999999999944
27.38824590466397,-2.1979999999999933
27.493829237997303,-0.9309999999999974
28.05969144270992,3.8700000000000045
28.165358109376584,5.137999999999991
28.731279236586218,0.3359999999999985
28.83686256991955,1.6029999999999944
29.402783697129184,6.405000000000001
29.50836703046252,7.672000000000011
30.074288157672154,2.8700000000000045
30.179954824338818,4.137999999999991
30.745817029051434,8.938999999999993
30.8259836957181,9.90100000000001
30.851483695718102,9.90100000000001
31.381342377087222,5.405000000000001
31.486925710420557,6.672000000000011
31.867467009829117,9.90100000000001
31.97305034316245,9.90100000000001
32.204274260610454,7.938999999999993
32.30985759394379,9.206000000000003
32.32623890104128,9.90100000000001
33.27657223437461,9.90100000000001
33.512215576572565,7.9010000000000105
33.780041922156585,5.084999999999994
34.347612965188986,9.90100000000001
34.453196298522315,9.90100000000001
35.352636124191605,2.2689999999999912
35.620462469775624,-0.5470000000000113
36.840103816192226,9.802000000000007
36.86123714952556,8.533999999999992
37.07240381619222,6.0
37.68010317191382,0.8439999999999941
37.71365454214582,0.9440000000000026
37.73442889198188,-0.14799999999999613
38.38859324972727,4.73299999999999
38.954514376936906,-0.06900000000000261
39.06009771027024,-1.3359999999999985
39.626018837479876,3.466000000000008
39.73168550414654,2.1979999999999933
40.297547708859156,-2.6029999999999944
40.40313104219249,-3.8700000000000045
40.96899324690511,0.9309999999999974
41.07457658023844,-0.3359999999999985
41.64049770744808,-5.137999999999991
41.74608104078141,-6.405000000000001
42.31200216799105,-1.6029999999999944
42.41758550132438,-2.8700000000000045
42.983506628534016,-7.672000000000011
43.089089961867344,-8.938999999999993
43.65495216657996,-4.137999999999991
43.760535499913296,-5.405000000000001
44.290394181282416,-9.90100000000001
44.39597751461575,-9.90100000000001
44.776518814024314,-6.672000000000011
44.88210214735764,-7.938999999999993
45.11332606480565,-9.90100000000001
45.21890939813898,-9.90100000000001
45.23529070523647,-9.206000000000003
45.97132290750603,-9.90100000000001
46.05322944299347,-9.206000000000003
46.160646109660135,-7.917000000000002
46.39446275197249,-9.90100000000001
46.50196275197249,-9.90100000000001
46.88780735223995,-6.6270000000000095
46.995307352239955,-5.337000000000003
47.53317991046252,-9.90100000000001
47.55301324379586,-9.90100000000001
47.64067991046253,-8.84899999999999
48.20654211517515,-4.047999999999988
48.31404211517515,-2.7579999999999956
48.87996324238478,-7.560000000000002
48.987463242384784,-6.269999999999996
49.55338436959442,-1.4679999999999893
49.660801036261084,-0.17900000000000205
50.2266632409737,-4.980000000000004
50.334079907640366,-3.6910000000000025
50.90000103485,1.1110000000000042
51.00750103485,2.4010000000000105
51.573422162059636,-2.4010000000000105
51.68092216205964,-1.1110000000000042
52.24684328926927,3.6910000000000025
52.35425995593594,4.980000000000004
52.92012216064855,0.17900000000000205
53.02753882731522,1.4679999999999893
53.59345995452485,6.269999999999996
53.700959954524855,7.560000000000002
54.26688108173449,2.7579999999999956
54.37438108173449,4.047999999999988
54.94024328644711,8.84899999999999
55.02790995311378,9.90100000000001
55.047743286447115,9.90100000000001
55.58561584466968,5.337000000000003
55.693115844669684,6.6270000000000095
56.078960444937145,9.90100000000001
56.18646044493715,9.90100000000001
56.4202770872495,7.917000000000002
56.52769375391617,9.206000000000003
56.60960028940361,9.90100000000001
56.61060028940361,-9.90100000000001
56.69250682489105,-9.206000000000003
56.79992349155771,-7.917000000000002
57.03374013387007,-9.90100000000001
57.14124013387007,-9.90100000000001
57.527084734137524,-6.6270000000000095
57.634584734137526,-5.337000000000003
58.17245729236009,-9.90100000000001
58.279873959026766,-9.90100000000001
58.96965662407425,-4.047999999999988
59.07715662407424,-2.7579999999999956
59.91896724707683,-9.90100000000001
60.02646724707683,-9.90100000000001
61.02030582803452,-1.4679999999999893
61.12772249470119,-0.17900000000000205
61.693584699413805,-4.980000000000004
61.80100136608047,-3.6910000000000025
62.36692249329011,1.1110000000000042
62.474422493290106,2.4010000000000105
63.04034362049975,-2.4010000000000105
63.14784362049975,-1.1110000000000042
63.713764747709384,3.6910000000000025
63.82118141437605,4.980000000000004
64.38704361908867,0.17900000000000205
64.49446028575534,1.4679999999999893
65.06038141296497,6.269999999999996
65.16788141296496,7.560000000000002
65.7338025401746,2.7579999999999956
65.8413025401746,4.047999999999988
66.40716474488721,8.84899999999999
66.49483141155389,9.90100000000001
66.51466474488723,9.90100000000001
67.05253730310979,5.337000000000003
67.16003730310979,6.6270000000000095
67.54588190337725,9.90100000000001
67.65338190337725,9.90100000000001
67.8871985456896,7.917000000000002
67.99461521235627,9.206000000000003
68.01099651945376,9.90100000000001
69.19324651945377,-4.286000000000001
69.26099651945376,-5.0989999999999895
69.3288298527871,-5.0989999999999895
69.89469205749971,-9.90100000000001
70.00219205749971,-9.90100000000001
70.56811318470935,-5.0989999999999895
70.67561318470935,-5.0989999999999895
71.24153431191898,-9.90100000000001
71.34903431191898,-8.611000000000004
71.7629274811735,-5.0989999999999895
71.87042748117351,-5.0989999999999895
72.13229269247293,-7.320999999999998
72.2397093591396,-6.032000000000011
72.2617003800345,-5.0989999999999895
73.95710287239763,-9.90100000000001
74.19274621459557,-7.9010000000000105
74.46057256017959,-5.084999999999994
75.02814360321199,-9.90100000000001
75.13372693654532,-9.90100000000001
76.03316676221462,-2.2689999999999912
76.30099310779863,0.5470000000000113
77.52063445421523,-9.802000000000007
77.62630112088189,-8.533999999999992
79.48852575563404,7.26700000000001
81.27765256003396,-7.26700000000001
81.3832358933673,-6.0
81.99093524908889,-0.8439999999999941
82.02147506826903,-0.7529999999999859
82.08997506826903,0.06900000000000261
82.65589619547866,-4.73299999999999
82.761479528812,-3.466000000000008
83.32740065602164,1.3359999999999985
83.43298398935497,2.6029999999999944
83.99884619406758,-2.1979999999999933
84.10442952740091,-0.9309999999999974
84.67029173211353,3.8700000000000045
84.77595839878019,5.137999999999991
85.34187952598982,0.3359999999999985
85.44746285932315,1.6029999999999944
86.01338398653279,6.405000000000001
86.11896731986613,7.672000000000011
86.68488844707576,2.8700000000000045
86.79055511374243,4.137999999999991
87.35641731845504,8.938999999999993
87.4365839851217,9.90100000000001
87.46208398512171,9.90100000000001
87.99194266649083,5.405000000000001
88.09752599982417,6.672000000000011
88.47806729923272,9.90100000000001
88.58365063256605,9.90100000000001
88.81487455001405,7.938999999999993
88.9204578833474,9.206000000000003
88.93683919044489,9.90100000000001
89.88717252377822,9.90100000000001
90.12281586597618,7.9010000000000105
90.39064221156019,5.084999999999994
90.9582132545926,9.90100000000001
91.06379658792592,9.90100000000001
91.96323641359521,2.2689999999999912
92.23106275917922,-0.5470000000000113
93.45070410559583,9.802000000000007
93.47183743892916,8.533999999999992
93.68300410559583,6.0
94.29070346131743,0.8439999999999941
94.32425483154942,0.9440000000000026
94.34502918138548,-0.14799999999999613
94.99919353913089,4.73299999999999
95.56511466634052,-0.06900000000000261
95.67069799967385,-1.3359999999999985
96.23661912688348,3.466000000000008
96.34228579355015,2.1979999999999933
96.90814799826276,-2.6029999999999944
97.01373133159609,-3.8700000000000045
97.57959353630872,0.9309999999999974
97.68517686964205,-0.3359999999999985
98.25109799685168,-5.137999999999991
98.35668133018501,-6.405000000000001
98.92260245739465,-1.6029999999999944
99.02818579072799,-2.8700000000000045
99.59410691793762,-7.672000000000011
99.69969025127095,-8.938999999999993
100.26555245598357,-4.137999999999991
100.3711357893169,-5.405000000000001
100.90099447068602,-9.90100000000001
101.00657780401936,-9.90100000000001
101.38711910342792,-6.672000000000011
101.49270243676125,-7.938999999999993
101.72392635420925,-9.90100000000001
101.82950968754258,-9.90100000000001
101.84589099464009,-9.206000000000003
102.58192319690963,-9.90100000000001
102.66382973239708,-9.206000000000003
102.77124639906374,-7.917000000000002
103.0050630413761,-9.90100000000001
103.11256304137609,-9.90100000000001
103.49840764164355,-6.6270000000000095
103.60590764164357,-5.337000000000003
104.14378019986613,-9.90100000000001
104.16361353319947,-9.90100000000001
104.25128019986613,-8.84899999999999
104.81714240457876,-4.047999999999988
104.92464240457875,-2.7579999999999956
105.49056353178838,-7.560000000000002
105.5980635317884,-6.269999999999996
106.16398465899803,-1.4679999999999893
106.2714013256647,-0.17900000000000205
106.8372635303773,-4.980000000000004
106.94468019704397,-3.6910000000000025
107.5106013242536,1.1110000000000042
107.61810132425362,2.4010000000000105
108.18402245146325,-2.4010000000000105
108.29152245146324,-1.1110000000000042
108.85744357867287,3.6910000000000025
108.96486024533954,4.980000000000004
109.53072245005217,0.17900000000000205
109.63813911671883,1.4679999999999893
110.20406024392847,6.269999999999996
110.31156024392845,7.560000000000002
110.87748137113809,2.7579999999999956
110.9849813711381,4.047999999999988
111.5508435758507,8.84899999999999
111.63851024251738,9.90100000000001
111.65834357585072,9.90100000000001
112.1962161340733,5.337000000000003
112.30371613407328,6.6270000000000095
112.68956073434074,9.90100000000001
112.79706073434076,9.90100000000001
113.03087737665311,7.917000000000002
113.13829404331977,9.206000000000003
113.22020057880721,9.90100000000001
113.22120057880721,-9.90100000000001
113.30310711429465,-9.206000000000003
113.41052378096131,-7.917000000000002
113.64434042327368,-9.90100000000001
113.75184042327368,-9.90100000000001
114.13768502354114,-6.6270000000000095
114.24518502354113,-5.337000000000003
114.7830575817637,-9.90100000000001
114.89047424843037,-9.90100000000001
115.58025691347785,-4.047999999999988
115.68775691347784,-2.7579999999999956
116.52956753648044,-9.90100000000001
116.63706753648043,-9.90100000000001
117.63090611743813,-1.4679999999999893
117.7383227841048,-0.17900000000000205
118.30418498881741,-4.980000000000004
118.41160165548408,-3.6910000000000025
118.97752278269371,1.1110000000000042
119.08502278269371,2.4010000000000105
119.65094390990336,-2.4010000000000105
119.75844390990335,-1.1110000000000042
120.32436503711298,3.6910000000000025
120.43178170377965,4.980000000000004
120.99764390849228,0.17900000000000205
121.10506057515894,1.4679999999999893
121.67098170236858,6.269999999999996
121.77848170236857,7.560000000000002
122.3444028295782,2.7579999999999956
122.4519028295782,4.047999999999988
123.01776503429082,8.84899999999999
123.1054317009575,9.90100000000001
123.12526503429083,9.90100000000001
123.6631375925134,5.337000000000003
123.7706375925134,6.6270000000000095
124.15648219278086,9.90100000000001
124.26398219278086,9.90100000000001
124.4977988350932,7.917000000000002
124.60521550175987,9.206000000000003
124.62159680885736,9.90100000000001
125.80384680885737,-4.286000000000001
125.87159680885736,-5.0989999999999895
125.9394301421907,-5.0989999999999895
126.50529234690332,-9.90100000000001
126.61279234690332,-9.90100000000001
127.17871347411295,-5.0989999999999895
127.28621347411296,-5.0989999999999895
127.85213460132259,-9.90100000000001
127.95963460132259,-8.611000000000004
128.3735277705771,-5.0989999999999895
128.4810277705771,-5.0989999999999895
128.74289298187654,-7.320999999999998
128.8503096485432,-6.032000000000011
128.87230066943812,-5.0989999999999895
130.56770316180123,-9.90100000000001
130.8033465039992,-7.9010000000000105
131.0711728495832,-5.084999999999994
131.6387438926156,-9.90100000000001
131.74432722594892,-9.90100000000001
132.64376705161823,-2.2689999999999912
132.91159339720224,0.5470000000000113
134.13123474361885,-9.802000000000007
134.2369014102855,-8.533999999999992
136.09912604503765,7.26700000000001
137.88825284943755,-7.26700000000001
137.9938361827709,-6.0
138.6015355384925,-0.8439999999999941
138.63207535767265,-0.7529999999999859
138.70057535767262,0.06900000000000261
139.26649648488228,-4.73299999999999
139.3720798182156,-3.466000000000008
139.93800094542524,1.3359999999999985
140.04358427875857,2.6029999999999944
140.60944648347117,-2.1979999999999933
140.71502981680453,-0.9309999999999974
141.28089202151713,3.8700000000000045
141.3865586881838,5.137999999999991
141.95247981539342,0.3359999999999985
142.05806314872677,1.6029999999999944
142.62398427593638,6.405000000000001
142.72956760926974,7.672000000000011
143.29548873647937,2.8700000000000045
143.40115540314605,4.137999999999991
143.96701760785865,8.938999999999993
144.0471842745253,9.90100000000001
144.07268427452533,9.90100000000001
144.60254295589442,5.405000000000001
144.70812628922778,6.672000000000011
145.08866758863633,9.90100000000001
145.19425092196965,9.90100000000001
145.42547483941766,7.938999999999993
145.531058172751,9.206000000000003
145.5474394798485,9.90100000000001
146.49777281318183,9.90100000000001
146.73341615537979,7.9010000000000105
147.0012425009638,5.084999999999994
147.5688135439962,9.90100000000001
147.6743968773295,9.90100000000001
148.57383670299882,2.2689999999999912
148.84166304858283,-0.5470000000000113
150.06130439499944,9.802000000000007
150.08243772833276,8.533999999999992
150.29360439499942,6.0
150.90130375072104,0.8439999999999941
150.93485512095305,0.9440000000000026
150.9556294707891,-0.14799999999999613
151.6097938285345,4.73299999999999
152.17571495574413,-0.06900000000000261
152.28129828907745,-1.3359999999999985
152.8472194162871,3.466000000000008
152.95288608295374,2.1979999999999933
153.51874828766637,-2.6029999999999944
153.6243316209997,-3.8700000000000045
154.19019382571233,0.9309999999999974
154.29577715904566,-0.3359999999999985
154.8616982862553,-5.137999999999991
154.96728161958862,-6.405000000000001
155.53320274679825,-1.6029999999999944
155.63878608013158,-2.8700000000000045
156.20470720734124,-7.672000000000011
156.31029054067454,-8.938999999999993
156.87615274538717,-4.137999999999991
156.9817360787205,-5.405000000000001
157.51159476008962,-9.90100000000001
157.61717809342298,-9.90100000000001
157.99771939283153,-6.672000000000011
158.10330272616486,-7.938999999999993
158.33452664361286,-9.90100000000001
158.4401099769462,-9.90100000000001
158.4564912840437,-9.206000000000003
159.19252348631323,-9.90100000000001
159.2744300218007,-9.206000000000003
159.38184668846736,-7.917000000000002
159.6156633307797,-9.90100000000001
159.7231633307797,-9.90100000000001
160.10900793104716,-6.6270000000000095
160.21650793104718,-5.337000000000003
160.75438048926975,-9.90100000000001
160.7742138226031,-9.90100000000001
160.86188048926974,-8.84899999999999
161.42774269398237,-4.047999999999988
161.53524269398235,-2.7579999999999956
162.101163821192,-7.560000000000002
162.208663821192,-6.269999999999996
162.77458494840164,-1.4679999999999893
162.8820016150683,-0.17900000000000205
163.4478638197809,-4.980000000000004
163.55528048644757,-3.6910000000000025
164.1212016136572,1.1110000000000042
164.22870161365722,2.4010000000000105
164.79462274086686,-2.4010000000000105
164.90212274086684,-1.1110000000000042
165.46804386807648,3.6910000000000025
165.57546053474314,4.980000000000004
166.14132273945577,0.17900000000000205
166.24873940612244,1.4679999999999893
166.81466053333207,6.269999999999996
166.92216053333206,7.560000000000002
167.4880816605417,2.7579999999999956
167.5955816605417,4.047999999999988
168.1614438652543,8.84899999999999
168.249110531921,9.90100000000001
168.26894386525433,9.90100000000001
168.8068164234769,5.337000000000003
168.9143164234769,6.6270000000000095
169.30016102374435,9.90100000000001
169.40766102374437,9.90100000000001
169.64147766605672,7.917000000000002
169.74889433272338,9.206000000000003
169.83080086821082,9.90100000000001
169.83180086821082,-9.90100000000001
169.91370740369825,-9.206000000000003
170.02112407036492,-7.917000000000002
170.2549407126773,-9.90100000000001
170.36244071267728,-9.90100000000001
170.74828531294474,-6.6270000000000095
170.85578531294473,-5.337000000000003
171.3936578711673,-9.90100000000001
171.50107453783397,-9.90100000000001
172.19085720288146,-4.047999999999988
172.29835720288145,-2.7579999999999956
173.14016782588405,-9.90100000000001
173.24766782588404,-9.90100000000001
174.24150640684172,-1.4679999999999893
174.3489230735084,-0.17900000000000205
174.91478527822102,-4.980000000000004
175.02220194488768,-3.6910000000000025
175.58812307209732,1.1110000000000042
175.6956230720973,2.4010000000000105
176.26154419930697,-2.4010000000000105
176.36904419930696,-1.1110000000000042
176.9349653265166,3.6910000000000025
177.04238199318326,4.980000000000004
177.60824419789589,0.17900000000000205
177.71566086456255,1.4679999999999893
178.28158199177219,6.269999999999996
178.38908199177217,7.560000000000002
178.9550031189818,2.7579999999999956
179.0625031189818,4.047999999999988
179.62836532369442,8.84899999999999
179.7160319903611,9.90100000000001
179.73586532369444,9.90100000000001
180.273737881917,5.337000000000003
180.381237881917,6.6270000000000095
180.76708248218446,9.90100000000001
180.87458248218445,9.90100000000001
181.10839912449683,7.917000000000002
181.2158157911635,9.206000000000003
181.23219709826097,9.90100000000001
182.41444709826098,-4.286000000000001
182.48219709826097,-5.0989999999999895
182.5500304315943,-5.0989999999999895
183.1158926363069,-9.90100000000001
183.22339263630693,-9.90100000000001
183.78931376351656,-5.0989999999999895
183.89681376351655,-5.0989999999999895
184.4627348907262,-9.90100000000001
184.5702348907262,-8.611000000000004
184.98412805998072,-5.0989999999999895
185.0916280599807,-5.0989999999999895
185.35349327128014,-7.320999999999998
185.4609099379468,-6.032000000000011
185.48290095884173,-5.0989999999999895
187.17830345120484,-9.90100000000001
187.4139467934028,-7.9010000000000105
187.6817731389868,-5.084999999999994
188.2493441820192,-9.90100000000001
188.35492751535253,-9.90100000000001
189.25436734102183,-2.2689999999999912
189.52219368660585,0.5470000000000113
190.74183503302245,-9.802000000000007
190.8475016996891,-8.533999999999992
192.70972633444126,7.26700000000001
194.49885313884116,-7.26700000000001
194.6044364721745,-6.0
195.2121358278961,-0.8439999999999941
195.24267564707625,-0.7529999999999859
195.31117564707623,0.06900000000000261
195.8770967742859,-4.73299999999999
195.98268010761922,-3.466000000000008
196.54860123482885,1.3359999999999985
196.65418456816218,2.6029999999999944
197.22004677287478,-2.1979999999999933
197.32563010620814,-0.9309999999999974
197.89149231092074,3.8700000000000045
197.99715897758742,5.137999999999991
198.56308010479702,0.3359999999999985
198.66866343813038,1.6029999999999944
199.23458456534,6.405000000000001
199.34016789867334,7.672000000000011
199.90608902588298,2.8700000000000045
200.01175569254966,4.137999999999991
200.57761789726226,8.938999999999993
200.6577845639289,9.90100000000001
200.68328456392894,9.90100000000001
201.21314324529803,5.405000000000001
201.31872657863138,6.672000000000011
201.69926787803993,9.90100000000001
201.80485121137326,9.90100000000001
202.03607512882127,7.938999999999993
202.1416584621546,9.206000000000003
202.1580397692521,9.90100000000001
203.10837310258543,9.90100000000001
203.3440164447834,7.9010000000000105
203.6118427903674,5.084999999999994
204.17941383339982,9.90100000000001
204.28499716673312,9.90100000000001
205.18443699240242,2.2689999999999912
205.45226333798644,-0.5470000000000113
206.67190468440305,9.802000000000007
206.69303801773637,8.533999999999992
206.90420468440303,6.0
207.51190404012465,0.8439999999999941
207.54545541035665,0.9440000000000026
207.5662297601927,-0.14799999999999613
208.2203941179381,4.73299999999999
208.78631524514773,-0.06900000000000261
208.89189857848106,-1.3359999999999985
209.4578197056907,3.466000000000008
209.56348637235735,2.1979999999999933
210.12934857706998,-2.6029999999999944
210.2349319104033,-3.8700000000000045
210.80079411511593,0.9309999999999974
210.90637744844926,-0.3359999999999985
211.4722985756589,-5.137999999999991
211.57788190899223,-6.405000000000001
212.14380303620186,-1.6029999999999944
212.2493863695352,-2.8700000000000045
212.81530749674485,-7.672000000000011
212.92089083007815,-8.938999999999993
213.48675303479078,-4.137999999999991
213.5923363681241,-5.405000000000001
214.12219504949323,-9.90100000000001
214.22777838282659,-9.90100000000001
214.60831968223513,-6.672000000000011
214.71390301556846,-7.938999999999993
214.94512693301647,-9.90100000000001
215.0507102663498,-9.90100000000001
215.0670915734473,-9.206000000000003
215.80312377571684,-9.90100000000001
215.8850303112043,-9.206000000000003
215.99244697787097,-7.917000000000002
216.22626362018332,-9.90100000000001
216.3337636201833,-9.90100000000001
216.71960822045077,-6.6270000000000095
216.82710822045078,-5.337000000000003
217.36498077867336,-9.90100000000001
217.3848141120067,-9.90100000000001
217.47248077867334,-8.84899999999999
218.03834298338597,-4.047999999999988
218.14584298338596,-2.7579999999999956
218.7117641105956,-7.560000000000002
218.8192641105956,-6.269999999999996
219.38518523780525,-1.4679999999999893
219.4926019044719,-0.17900000000000205
220.0584641091845,-4.980000000000004
220.16588077585118,-3.6910000000000025
220.7318019030608,1.1110000000000042
220.83930190306083,2.4010000000000105
221.40522303027046,-2.4010000000000105
221.51272303027045,-1.1110000000000042
222.07864415748008,3.6910000000000025
222.18606082414675,4.980000000000004
222.75192302885938,0.17900000000000205
222.85933969552605,1.4679999999999893
223.42526082273568,6.269999999999996
223.53276082273567,7.560000000000002
224.0986819499453,2.7579999999999956
224.20618194994532,4.047999999999988
224.77204415465792,8.84899999999999
224.8597108213246,9.90100000000001
224.87954415465794,9.90100000000001
225.4174167128805,5.337000000000003
225.5249167128805,6.6270000000000095
225.91076131314796,9.90100000000001
226.01826131314797,9.90100000000001
226.25207795546032,7.917000000000002
226.359494622127,9.206000000000003
226.44140115761442,9.90100000000001
226.44240115761443,-9.90100000000001
226.52430769310186,-9.206000000000003
226.63172435976853,-7.917000000000002
226.8655410020809,-9.90100000000001
226.9730410020809,-9.90100000000001
227.35888560234835,-6.6270000000000095
227.46638560234834,-5.337000000000003
228.0042581605709,-9.90100000000001
228.11167482723758,-9.90100000000001
228.80145749228507,-4.047999999999988
228.90895749228505,-2.7579999999999956
229.75076811528766,-9.90100000000001
229.85826811528764,-9.90100000000001
230.85210669624533,-1.4679999999999893
230.959523362912,-0.17900000000000205
231.52538556762462,-4.980000000000004
231.6328022342913,-3.6910000000000025
232.19872336150092,1.1110000000000042
232.3062233615009,2.4010000000000105
232.87214448871057,-2.4010000000000105
232.97964448871056,-1.1110000000000042
233.5455656159202,3.6910000000000025
233.65298228258686,4.980000000000004
234.2188444872995,0.17900000000000205
234.32626115396616,1.4679999999999893
234.8921822811758,6.269999999999996
234.99968228117578,7.560000000000002
235.5656034083854,2.7579999999999956
235.6731034083854,4.047999999999988
236.23896561309803,8.84899999999999
236.3266322797647,9.90100000000001
236.34646561309805,9.90100000000001
236.8843381713206,5.337000000000003
236.9918381713206,6.6270000000000095
237.37768277158807,9.90100000000001
237.48518277158806,9.90100000000001
237.71899941390043,7.917000000000002
237.8264160805671,9.206000000000003
237.84279738766458,9.90100000000001
239.02504738766459,-4.286000000000001
239.09279738766458,-5.0989999999999895
239.16063072099791,-5.0989999999999895
239.72649292571052,-9.90100000000001
239.83399292571053,-9.90100000000001
240.39991405292017,-5.0989999999999895
240.50741405292015,-5.0989999999999895
241.07333518012982,-9.90100000000001
241.1808351801298,-8.611000000000004
241.59472834938433,-5.0989999999999895
241.7022283493843,-5.0989999999999895
241.96409356068375,-7.320999999999998
242.07151022735042,-6.032000000000011
242.09350124824533,-5.0989999999999895
243.78890374060845,-9.90100000000001
244.0245470828064,-7.9010000000000105
244.29237342839042,-5.084999999999994
244.8599444714228,-9.90100000000001
244.96552780475614,-9.90100000000001
245.86496763042544,-2.2689999999999912
246.13279397600945,0.5470000000000113
247.35243532242606,-9.802000000000007
247.4581019890927,-8.533999999999992
249.32032662384486,7.26700000000001
251.10945342824476,-7.26700000000001
251.21503676157812,-6.0
251.8227361172997,-0.8439999999999941
251.85327593647986,-0.7529999999999859
251.92177593647983,0.06900000000000261
252.4876970636895,-4.73299999999999
252.59328039702282,-3.466000000000008
253.15920152423246,1.3359999999999985
253.2647848575658,2.6029999999999944
253.8306470622784,-2.1979999999999933
253.93623039561174,-0.9309999999999974
254.50209260032435,3.8700000000000045
254.60775926699102,5.137999999999991
255.17368039420063,0.3359999999999985
255.279263727534,1.6029999999999944
255.8451848547436,6.405000000000001
255.95076818807695,7.672000000000011
256.5166893152866,2.8700000000000045
256.62235598195326,4.137999999999991
257.18821818666584,8.938999999999993
257.2683848533325,9.90100000000001
257.29388485333254,9.90100000000001
257.82374353470163,5.405000000000001
257.929326868035,6.672000000000011
258.30986816744354,9.90100000000001
258.41545150077684,9.90100000000001
258.64667541822485,7.938999999999993
258.7522587515582,9.206000000000003
258.7686400586557,9.90100000000001
259.71897339198904,9.90100000000001
259.95461673418697,7.9010000000000105
260.222443079771,5.084999999999994
260.7900141228034,9.90100000000001
260.8955974561367,9.90100000000001
261.795037281806,2.2689999999999912
262.06286362739,-0.5470000000000113
263.2825049738067,9.802000000000007
263.30363830714,8.533999999999992
263.51480497380663,6.0
264.1225043295283,0.8439999999999941
264.15605569976026,0.9440000000000026
264.17683004959633,-0.14799999999999613
264.8309944073417,4.73299999999999
265.39691553455134,-0.06900000000000261
265.5024988678847,-1.3359999999999985
266.0684199950943,3.466000000000008
266.17408666176095,2.1979999999999933
266.7399488664736,-2.6029999999999944
266.84553219980694,-3.8700000000000045
267.41139440451957,0.9309999999999974
267.51697773785287,-0.3359999999999985
268.0828988650625,-5.137999999999991
268.18848219839583,-6.405000000000001
268.7544033256055,-1.6029999999999944
268.8599866589388,-2.8700000000000045
269.42590778614846,-7.672000000000011
269.53149111948176,-8.938999999999993
270.0973533241944,-4.137999999999991
270.20293665752774,-5.405000000000001
270.73279533889684,-9.90100000000001
270.8383786722302,-9.90100000000001
271.21891997163874,-6.672000000000011
271.32450330497204,-7.938999999999993
271.55572722242005,-9.90100000000001
271.6613105557534,-9.90100000000001
271.6776918628509,-9.206000000000003
272.41372406512045,-9.90100000000001
272.4956306006079,-9.206000000000003
272.6030472672746,-7.917000000000002
272.8368639095869,-9.90100000000001
272.9443639095869,-9.90100000000001
273.3302085098544,-6.6270000000000095
273.43770850985436,-5.337000000000003
273.97558106807696,-9.90100000000001
273.9954144014103,-9.90100000000001
274.0830810680769,-8.84899999999999
274.64894327278955,-4.047999999999988
274.75644327278957,-2.7579999999999956
275.3223643999992,-7.560000000000002
275.42986439999925,-6.269999999999996
275.99578552720885,-1.4679999999999893
276.1032021938755,-0.17900000000000205
276.66906439858815,-4.980000000000004
276.77648106525476,-3.6910000000000025
277.3424021924644,1.1110000000000042
277.44990219246444,2.4010000000000105
278.01582331967404,-2.4010000000000105
278.12332331967406,-1.1110000000000042
278.68924444688366,3.6910000000000025
278.7966611135504,4.980000000000004
279.362523318263,0.17900000000000205
279.4699399849296,1.4679999999999893
280.0358611121393,6.269999999999996
280.14336111213925,7.560000000000002
280.7092822393489,2.7579999999999956
280.8167822393489,4.047999999999988
281.3826444440615,8.84899999999999
281.4703111107282,9.90100000000001
281.49014444406157,9.90100000000001
282.0280170022841,5.337000000000003
282.13551700228413,6.6270000000000095
282.52136160255156,9.90100000000001
282.6288616025516,9.90100000000001
282.8626782448639,7.917000000000002
282.9700949115306,9.206000000000003
283.05200144701803,9.90100000000001
